{"Training Loss:": 0.21180963665246963, "Test Loss:": 0.3637794547687514, "Test Accuracy:": 0.8835862874984741, "_timestamp": 1673348243.8667724, "_runtime": 31.615862369537354, "_step": 13, "gradients/fc2.bias": {"_type": "histogram", "values": [1.0, 0.0, 0.0, 0.0, 0.0, 0.0, 0.0, 0.0, 0.0, 0.0, 0.0, 0.0, 0.0, 0.0, 1.0, 0.0, 0.0, 0.0, 0.0, 0.0, 0.0, 0.0, 1.0, 0.0, 0.0, 0.0, 0.0, 0.0, 0.0, 0.0, 0.0, 0.0, 0.0, 0.0, 0.0, 1.0, 2.0, 0.0, 0.0, 0.0, 0.0, 0.0, 0.0, 1.0, 0.0, 0.0, 0.0, 0.0, 1.0, 0.0, 0.0, 1.0, 0.0, 0.0, 0.0, 0.0, 0.0, 0.0, 0.0, 0.0, 0.0, 0.0, 0.0, 1.0], "bins": [-0.038225095719099045, -0.03713887929916382, -0.03605265915393829, -0.03496643900871277, -0.03388022258877754, -0.032794006168842316, -0.03170778602361679, -0.030621567741036415, -0.02953534945845604, -0.028449131175875664, -0.027362912893295288, -0.026276694610714912, -0.025190476328134537, -0.02410425804555416, -0.023018039762973785, -0.02193182148039341, -0.020845603197813034, -0.01975938491523266, -0.018673166632652283, -0.017586948350071907, -0.01650073006749153, -0.015414511784911156, -0.01432829350233078, -0.013242075219750404, -0.012155856937170029, -0.011069638654589653, -0.009983420372009277, -0.008897202089428902, -0.007810983806848526, -0.00672476552426815, -0.005638547241687775, -0.004552328959107399, -0.0034661106765270233, -0.0023798923939466476, -0.001293674111366272, -0.0002074558287858963, 0.0008787624537944794, 0.001964980736374855, 0.0030511990189552307, 0.004137417301535606, 0.005223635584115982, 0.006309853866696358, 0.007396072149276733, 0.008482290431857109, 0.009568508714437485, 0.01065472699701786, 0.011740945279598236, 0.012827163562178612, 0.013913381844758987, 0.014999600127339363, 0.01608581840991974, 0.017172036692500114, 0.01825825497508049, 0.019344473257660866, 0.02043069154024124, 0.021516909822821617, 0.022603128105401993, 0.02368934638798237, 0.024775564670562744, 0.02586178295314312, 0.026948001235723495, 0.02803421951830387, 0.029120437800884247, 0.030206656083464622, 0.031292874366045]}, "gradients/fc2.weight": {"_type": "histogram", "values": [1.0, 0.0, 0.0, 0.0, 1.0, 3.0, 1.0, 1.0, 1.0, 3.0, 3.0, 2.0, 10.0, 7.0, 9.0, 8.0, 13.0, 12.0, 17.0, 17.0, 16.0, 11.0, 28.0, 27.0, 24.0, 31.0, 35.0, 32.0, 35.0, 33.0, 1107.0, 519.0, 119.0, 99.0, 73.0, 62.0, 42.0, 31.0, 20.0, 15.0, 17.0, 13.0, 12.0, 9.0, 7.0, 6.0, 5.0, 2.0, 5.0, 2.0, 5.0, 2.0, 0.0, 1.0, 2.0, 0.0, 0.0, 2.0, 0.0, 0.0, 0.0, 1.0, 0.0, 1.0], "bins": [-0.2348538488149643, -0.22727084159851074, -0.2196878343820572, -0.21210482716560364, -0.20452181994915009, -0.19693881273269653, -0.18935582041740417, -0.18177279829978943, -0.17418980598449707, -0.16660679876804352, -0.15902379155158997, -0.1514407843351364, -0.14385777711868286, -0.1362747699022293, -0.12869176268577576, -0.1211087629199028, -0.11352574825286865, -0.1059427410364151, -0.09835973381996155, -0.090776726603508, -0.08319371938705444, -0.07561071217060089, -0.06802771240472794, -0.060444705188274384, -0.05286170542240143, -0.045278698205947876, -0.037695690989494324, -0.03011268749833107, -0.022529680281877518, -0.014946673065423965, -0.007363669574260712, 0.00021933764219284058, 0.007802337408065796, 0.015385343693196774, 0.02296834997832775, 0.030551355332136154, 0.038134362548589706, 0.04571736976504326, 0.05330037325620651, 0.060883380472660065, 0.06846639513969421, 0.07604940235614777, 0.08363240957260132, 0.09121541678905487, 0.09879842400550842, 0.10638143122196198, 0.11396443098783493, 0.12154743820428848, 0.12913043797016144, 0.136713445186615, 0.14429645240306854, 0.1518794596195221, 0.15946246683597565, 0.1670454740524292, 0.17462846636772156, 0.1822114884853363, 0.18979448080062866, 0.19737748801708221, 0.20496049523353577, 0.21254350244998932, 0.22012650966644287, 0.22770951688289642, 0.23529252409934998, 0.24287551641464233, 0.2504585385322571]}, "gradients/fc1.bias": {"_type": "histogram", "values": [1.0, 0.0, 0.0, 1.0, 0.0, 2.0, 3.0, 1.0, 1.0, 1.0, 2.0, 1.0, 3.0, 4.0, 5.0, 5.0, 2.0, 7.0, 3.0, 2.0, 6.0, 4.0, 4.0, 4.0, 6.0, 9.0, 7.0, 6.0, 6.0, 83.0, 5.0, 2.0, 4.0, 6.0, 2.0, 2.0, 4.0, 4.0, 4.0, 8.0, 2.0, 4.0, 3.0, 2.0, 3.0, 1.0, 2.0, 1.0, 1.0, 2.0, 4.0, 2.0, 0.0, 5.0, 0.0, 2.0, 0.0, 0.0, 1.0, 0.0, 0.0, 0.0, 0.0, 1.0], "bins": [-0.005078322719782591, -0.004908103961497545, -0.004737885668873787, -0.004567666910588741, -0.004397448152303696, -0.00422722939401865, -0.004057010635733604, -0.003886792343109846, -0.0037165735848248005, -0.003546354826539755, -0.003376136301085353, -0.003205917775630951, -0.0030356990173459053, -0.0028654802590608597, -0.0026952617336064577, -0.0025250432081520557, -0.00235482444986701, -0.0021846056915819645, -0.0020143871661275625, -0.0018441685242578387, -0.001673949882388115, -0.0015037312405183911, -0.0013335125986486673, -0.0011632939567789435, -0.0009930753149092197, -0.0008228566730394959, -0.0006526380311697721, -0.00048241938930004835, -0.00031220074743032455, -0.00014198210556060076, 2.823653630912304e-05, 0.00019845517817884684, 0.0003686733543872833, 0.0005388919962570071, 0.0007091106381267309, 0.0008793292799964547, 0.0010495479218661785, 0.0012197665637359023, 0.001389985205605626, 0.00156020384747535, 0.0017304224893450737, 0.0019006411312147975, 0.0020708597730845213, 0.0022410782985389233, 0.002411297056823969, 0.0025815158151090145, 0.0027517343405634165, 0.0029219528660178185, 0.003092171624302864, 0.0032623903825879097, 0.0034326089080423117, 0.0036028274334967136, 0.0037730461917817593, 0.003943264950066805, 0.004113483242690563, 0.004283702000975609, 0.0044539207592606544, 0.0046241395175457, 0.004794358275830746, 0.004964576568454504, 0.00513479532673955, 0.005305014085024595, 0.005475232377648354, 0.005645451135933399, 0.005815669894218445]}, "gradients/fc1.weight": {"_type": "histogram", "values": [2.0, 3.0, 1.0, 3.0, 5.0, 5.0, 15.0, 17.0, 25.0, 37.0, 56.0, 83.0, 112.0, 138.0, 223.0, 239.0, 320.0, 476.0, 623.0, 707.0, 954.0, 1255.0, 1548.0, 2007.0, 2619.0, 3419.0, 4569.0, 6097.0, 8566.0, 82655.0, 7869.0, 5184.0, 3942.0, 2972.0, 2291.0, 1788.0, 1392.0, 1120.0, 955.0, 715.0, 547.0, 441.0, 325.0, 241.0, 193.0, 154.0, 135.0, 105.0, 88.0, 65.0, 47.0, 37.0, 16.0, 20.0, 11.0, 4.0, 2.0, 6.0, 5.0, 1.0, 2.0, 0.0, 2.0, 2.0], "bins": [-0.032401930540800095, -0.03130580112338066, -0.030209673568606377, -0.029113546013832092, -0.02801741659641266, -0.026921287178993225, -0.02582515962421894, -0.024729032069444656, -0.023632902652025223, -0.02253677323460579, -0.021440645679831505, -0.02034451812505722, -0.019248388707637787, -0.018152259290218353, -0.01705613173544407, -0.015960004180669785, -0.014863874763250351, -0.013767746277153492, -0.012671617791056633, -0.011575489304959774, -0.010479360818862915, -0.009383232332766056, -0.008287103846669197, -0.007190975360572338, -0.006094846874475479, -0.00499871838837862, -0.003902589902281761, -0.002806461416184902, -0.0017103329300880432, -0.0006142044439911842, 0.00048192404210567474, 0.0015780525282025337, 0.002674184739589691, 0.00377031322568655, 0.004866441711783409, 0.005962570197880268, 0.007058698683977127, 0.008154827170073986, 0.009250955656170845, 0.010347084142267704, 0.011443212628364563, 0.012539341114461422, 0.013635469600558281, 0.01473159808665514, 0.015827726572752, 0.016923855990171432, 0.018019983544945717, 0.01911611109972, 0.020212240517139435, 0.02130836993455887, 0.022404497489333153, 0.023500625044107437, 0.02459675446152687, 0.025692883878946304, 0.02678901143372059, 0.027885138988494873, 0.028981268405914307, 0.03007739782333374, 0.031173525378108025, 0.03226965293288231, 0.03336578235030174, 0.034461911767721176, 0.03555803745985031, 0.036654166877269745, 0.03775029629468918]}, "gradients/conv3.weight": {"_type": "histogram",