{"Training Loss:": 0.825980743765831, "Test Loss:": 0.8129690779915338, "Test Accuracy:": 0.7628560066223145, "_timestamp": 1673351475.6699896, "_runtime": 9.258430480957031, "_step": 1}