{"Training Loss:": 0.22595039550215007, "Test Loss:": 0.37822395959232424, "Test Accuracy:": 0.8809335231781006, "_timestamp": 1673351455.3837948, "_runtime": 37.59716176986694, "_step": 9, "gradients/fc2.bias": {"_type": "histogram", "values": [2.0, 0.0, 1.0, 0.0, 0.0, 0.0, 0.0, 0.0, 0.0, 0.0, 0.0, 0.0, 0.0, 0.0, 0.0, 0.0, 0.0, 1.0, 0.0, 0.0, 0.0, 0.0, 1.0, 1.0, 1.0, 0.0, 0.0, 0.0, 0.0, 0.0, 0.0, 0.0, 0.0, 0.0, 0.0, 0.0, 0.0, 0.0, 0.0, 0.0, 0.0, 0.0, 0.0, 0.0, 0.0, 0.0, 0.0, 0.0, 0.0, 0.0, 0.0, 0.0, 0.0, 0.0, 1.0, 0.0, 0.0, 1.0, 0.0, 0.0, 0.0, 0.0, 0.0, 1.0], "bins": [-0.01669246330857277, -0.01606939733028412, -0.015446330420672894, -0.014823264442384243, -0.014200197532773018, -0.013577131554484367, -0.012954065576195717, -0.012330999597907066, -0.011707932688295841, -0.01108486671000719, -0.010461799800395966, -0.009838733822107315, -0.009215667843818665, -0.00859260093420744, -0.007969534955918789, -0.007346468511968851, -0.006723402068018913, -0.0061003356240689754, -0.005477269180119038, -0.004854203201830387, -0.004231136757880449, -0.0036080703139305115, -0.0029850041028112173, -0.002361937891691923, -0.0017388714477419853, -0.0011158051202073693, -0.0004927387926727533, 0.00013032753486186266, 0.0007533938623964787, 0.0013764603063464165, 0.0019995265174657106, 0.002622592728585005, 0.0032456591725349426, 0.0038687256164848804, 0.004491792060434818, 0.005114858038723469, 0.005737924482673407, 0.006360990926623344, 0.006984056904911995, 0.007607123348861933, 0.00823018979281187, 0.008853255771100521, 0.009476322680711746, 0.010099388659000397, 0.010722454637289047, 0.011345521546900272, 0.011968587525188923, 0.012591654434800148, 0.013214720413088799, 0.013837786391377449, 0.014460853300988674, 0.015083919279277325, 0.01570698618888855, 0.0163300521671772, 0.01695311814546585, 0.0175761841237545, 0.018199250102043152, 0.018822316080331802, 0.019445382058620453, 0.020068449899554253, 0.020691515877842903, 0.021314581856131554, 0.021937647834420204, 0.022560713812708855, 0.023183781653642654]}, "gradients/fc2.weight": {"_type": "histogram", "values": [1.0, 1.0, 1.0, 1.0, 1.0, 1.0, 1.0, 4.0, 2.0, 3.0, 3.0, 5.0, 7.0, 5.0, 8.0, 13.0, 14.0, 14.0, 16.0, 24.0, 28.0, 32.0, 50.0, 55.0, 66.0, 75.0, 84.0, 102.0, 125.0, 187.0, 959.0, 139.0, 52.0, 39.0, 40.0, 35.0, 38.0, 37.0, 41.0, 32.0, 25.0, 34.0, 22.0, 21.0, 13.0, 15.0, 15.0, 7.0, 11.0, 8.0, 11.0, 8.0, 8.0, 5.0, 3.0, 0.0, 2.0, 3.0, 3.0, 2.0, 0.0, 1.0, 1.0, 1.0], "bins": [-0.20303547382354736, -0.1963876634836197, -0.18973983824253082, -0.18309202790260315, -0.17644421756267548, -0.1697964072227478, -0.16314858198165894, -0.15650077164173126, -0.1498529613018036, -0.14320515096187592, -0.13655732572078705, -0.12990951538085938, -0.1232617050409317, -0.11661388725042343, -0.10996606945991516, -0.10331825911998749, -0.09667043387889862, -0.09002261608839035, -0.08337480574846268, -0.0767269879579544, -0.07007917761802673, -0.06343135982751846, -0.05678354203701019, -0.05013572797179222, -0.04348790645599365, -0.03684009239077568, -0.03019227646291256, -0.02354446053504944, -0.016896646469831467, -0.010248832404613495, -0.0036010146141052246, 0.003046799451112747, 0.009694591164588928, 0.0163424052298069, 0.02299022115767002, 0.029638037085533142, 0.036285851150751114, 0.042933665215969086, 0.049581483006477356, 0.05622929707169533, 0.0628771036863327, 0.06952492147684097, 0.07617273181676865, 0.08282054960727692, 0.08946835994720459, 0.09611617773771286, 0.10276399552822113, 0.1094118058681488, 0.11605963110923767, 0.12270744889974594, 0.1293552666902542, 0.13600307703018188, 0.14265088737010956, 0.14929869771003723, 0.1559465229511261, 0.16259433329105377, 0.16924214363098145, 0.17588995397090912, 0.18253777921199799, 0.18918558955192566, 0.19583339989185333, 0.202481210231781, 0.20912903547286987, 0.21577684581279755, 0.2224246710538864]}, "gradients/fc1.bias": {"_type": "histogram", "values": [1.0, 0.0, 0.0, 0.0, 0.0, 0.0, 1.0, 1.0, 0.0, 3.0, 0.0, 1.0, 1.0, 1.0, 1.0, 1.0, 1.0, 3.0, 3.0, 2.0, 3.0, 5.0, 4.0, 6.0, 5.0, 5.0, 5.0, 4.0, 7.0, 2.0, 7.0, 6.0, 10.0, 65.0, 11.0, 8.0, 13.0, 2.0, 4.0, 5.0, 4.0, 3.0, 6.0, 6.0, 6.0, 3.0, 6.0, 3.0, 2.0, 2.0, 1.0, 5.0, 3.0, 3.0, 2.0, 0.0, 1.0, 0.0, 0.0, 1.0, 1.0, 0.0, 0.0, 1.0], "bins": [-0.0047317552380263805, -0.004592457786202431, -0.004453160334378481, -0.004313862882554531, -0.004174565430730581, -0.0040352679789066315, -0.003895970294252038, -0.003756672842428088, -0.0036173751577734947, -0.003478077705949545, -0.003338780254125595, -0.0031994828023016453, -0.003060185117647052, -0.002920887665823102, -0.002781590213999152, -0.0026422927621752024, -0.0025029953103512526, -0.0023636978585273027, -0.002224400406703353, -0.0020851027220487595, -0.0019458052702248096, -0.0018065078184008598, -0.00166721036657691, -0.0015279129147529602, -0.0013886154629290104, -0.0012493180111050606, -0.001110020442865789, -0.0009707229910418391, -0.0008314254810102284, -0.0006921279709786177, -0.0005528305191546679, -0.0004135330091230571, -0.00027423538267612457, -0.00013493788719642907, 4.359608283266425e-06, 0.0001436570892110467, 0.0002829545992426574, 0.00042225210927426815, 0.000561549561098218, 0.0007008470711298287, 0.0008401446975767612, 0.000979442149400711, 0.0011187397176399827, 0.0012580371694639325, 0.0013973347377032042, 0.001536632189527154, 0.0016759296413511038, 0.0018152270931750536, 0.0019545245449990034, 0.0020938219968229532, 0.002233119448646903, 0.0023724171333014965, 0.0025117145851254463, 0.002651012036949396, 0.002790309488773346, 0.0029296069405972958, 0.0030689043924212456, 0.0032082018442451954, 0.003347499296069145, 0.003486796747893095, 0.0036260944325476885, 0.0037653918843716383, 0.003904689336195588, 0.004043987020850182, 0.004183284472674131]}, "gradients/fc1.weight": {"_type": "histogram", "values": [2.0, 4.0, 4.0, 5.0, 9.0, 16.0, 16.0, 23.0, 27.0, 40.0, 40.0, 51.0, 76.0, 94.0, 125.0, 191.0, 273.0, 294.0, 427.0, 509.0, 710.0, 904.0, 1231.0, 1558.0, 1949.0, 2718.0, 3351.0, 4186.0, 5379.0, 6983.0, 8647.0, 10586.0, 50930.0, 9066.0, 7664.0, 6188.0, 5048.0, 3979.0, 3262.0, 2590.0, 2050.0, 1611.0, 1167.0, 920.0, 674.0, 514.0, 395.0, 289.0, 192.0, 153.0, 100.0, 92.0, 45.0, 35.0, 23.0, 16.0, 12.0, 6.0, 4.0, 1.0, 1.0, 0.0, 0.0, 1.0], "bins": [-0.03044889308512211, -0.029506202787160873, -0.02856351062655449, -0.027620820328593254, -0.02667813003063202, -0.025735437870025635, -0.0247927475720644, -0.023850057274103165, -0.02290736511349678, -0.021964674815535545, -0.02102198265492916, -0.020079292356967926, -0.01913660205900669, -0.018193911761045456, -0.01725121960043907, -0.016308529302477837, -0.015365839004516602, -0.014423147775232792, -0.013480457477271557, -0.012537766247987747, -0.011595075950026512, -0.010652384720742702, -0.009709693491458893, -0.008767003193497658, -0.007824311032891273, -0.006881620269268751, -0.005938929505646229, -0.004996238276362419, -0.004053547512739897, -0.0031108567491173744, -0.0021681655198335648, -0.0012254747562110424, -0.00028278492391109467, 0.0006599059561267495, 0.0016025968361645937, 0.0025452878326177597, 0.003487978596240282, 0.004430669359862804, 0.005373360589146614, 0.006316051352769136, 0.007258741185069084, 0.008201432414352894, 0.009144122712314129, 0.010086813941597939, 0.011029504239559174, 0.011972195468842983, 0.012914886698126793, 0.013857576996088028, 0.014800269156694412, 0.015742959454655647, 0.01668565161526203, 0.017628341913223267, 0.0185710322111845, 0.019513722509145737, 0.02045641466975212, 0.021399104967713356, 0.02234179526567459, 0.023284485563635826, 0.02422717772424221, 0.025169868022203445, 0.02611255832016468, 0.027055248618125916, 0.0279979407787323, 0.028940631076693535, 0.02988332323729992]}, "gradients/conv3.weight": {"_type": "histogram",