{"Training Loss:": 0.3741830819286406, "Test Loss:": 0.44490657752742785, "Test Accuracy:": 0.8620207905769348, "_timestamp": 1673350253.8603864, "_runtime": 9.845137357711792, "_step": 3, "gradients/fc2.bias": {"_type": "histogram", "values": [1.0, 0.0, 0.0, 0.0, 0.0, 0.0, 0.0, 0.0, 0.0, 0.0, 0.0, 0.0, 0.0, 1.0, 0.0, 1.0, 0.0, 0.0, 0.0, 0.0, 0.0, 0.0, 0.0, 0.0, 0.0, 0.0, 0.0, 0.0, 0.0, 0.0, 0.0, 0.0, 0.0, 0.0, 3.0, 1.0, 0.0, 0.0, 0.0, 0.0, 0.0, 0.0, 0.0, 0.0, 0.0, 0.0, 0.0, 1.0, 0.0, 0.0, 1.0, 0.0, 0.0, 0.0, 0.0, 0.0, 0.0, 0.0, 0.0, 0.0, 0.0, 0.0, 0.0, 1.0], "bins": [-0.049168676137924194, -0.0476713590323925, -0.04617404565215111, -0.044676728546619415, -0.04317941144108772, -0.04168209433555603, -0.040184780955314636, -0.038687463849782944, -0.03719014674425125, -0.03569282963871956, -0.034195516258478165, -0.03269819915294647, -0.03120088204741478, -0.029703566804528236, -0.028206251561641693, -0.02670893445611, -0.025211621075868607, -0.023714305832982063, -0.02221698872745037, -0.020719673484563828, -0.019222356379032135, -0.017725041136145592, -0.01622772589325905, -0.01473040971904993, -0.013233095407485962, -0.011735779233276844, -0.010238463059067726, -0.008741147816181183, -0.007243831641972065, -0.005746515467762947, -0.004249200224876404, -0.002751884050667286, -0.0012545622885227203, 0.0002427536528557539, 0.0017400695942342281, 0.0032373853027820587, 0.004734701476991177, 0.0062320176512002945, 0.007729332894086838, 0.009226649068295956, 0.010723967105150223, 0.01222128327935934, 0.013718599453568459, 0.015215914696455002, 0.016713231801986694, 0.018210547044873238, 0.01970786228775978, 0.021205179393291473, 0.022702492773532867, 0.02419980801641941, 0.025697125121951103, 0.027194440364837646, 0.02869175747036934, 0.030189072713255882, 0.031686387956142426, 0.03318370506167412, 0.03468102216720581, 0.0361783392727375, 0.0376756526529789, 0.03917296975851059, 0.04067028686404228, 0.042167603969573975, 0.04366491734981537, 0.04516223445534706, 0.046659547835588455]}, "gradients/fc2.weight": {"_type": "histogram", "values": [1.0, 0.0, 0.0, 0.0, 0.0, 0.0, 0.0, 0.0, 1.0, 1.0, 0.0, 1.0, 1.0, 0.0, 2.0, 2.0, 4.0, 2.0, 5.0, 5.0, 3.0, 1.0, 4.0, 2.0, 6.0, 9.0, 12.0, 7.0, 10.0, 13.0, 20.0, 18.0, 29.0, 24.0, 29.0, 42.0, 76.0, 1739.0, 195.0, 59.0, 26.0, 39.0, 35.0, 33.0, 22.0, 21.0, 12.0, 10.0, 7.0, 7.0, 4.0, 4.0, 5.0, 5.0, 1.0, 3.0, 0.0, 1.0, 1.0, 0.0, 0.0, 0.0, 0.0, 1.0], "bins": [-0.5435110330581665, -0.5290293097496033, -0.5145475268363953, -0.500065803527832, -0.4855840504169464, -0.4711022973060608, -0.45662054419517517, -0.44213879108428955, -0.4276570677757263, -0.4131753146648407, -0.3986935615539551, -0.38421183824539185, -0.3697300851345062, -0.3552483320236206, -0.340766578912735, -0.32628482580184937, -0.31180310249328613, -0.2973213493824005, -0.2828395962715149, -0.26835787296295166, -0.25387611985206604, -0.23939436674118042, -0.2249126136302948, -0.21043087542057037, -0.19594910740852356, -0.18146735429763794, -0.1669856160879135, -0.1525038629770279, -0.13802212476730347, -0.12354037165641785, -0.10905862599611282, -0.0945768803358078, -0.08009514212608337, -0.06561339646577835, -0.05113165080547333, -0.036649901419878006, -0.022168155759572983, -0.007686406373977661, 0.006795339286327362, 0.021277084946632385, 0.03575882315635681, 0.050240568816661835, 0.06472231447696686, 0.07920406758785248, 0.0936858057975769, 0.10816755890846252, 0.12264930456876755, 0.13713105022907257, 0.1516128033399582, 0.1660945564508438, 0.18057629466056824, 0.19505804777145386, 0.20953978598117828, 0.2240215390920639, 0.23850327730178833, 0.25298503041267395, 0.26746678352355957, 0.2819485366344452, 0.2964302897453308, 0.31091201305389404, 0.32539376616477966, 0.3398755192756653, 0.3543572723865509, 0.3688390254974365, 0.38332074880599976]}, "gradients/fc1.bias": {"_type": "histogram", "values": [1.0, 0.0, 0.0, 0.0, 0.0, 1.0, 0.0, 0.0, 0.0, 0.0, 0.0, 0.0, 0.0, 0.0, 3.0, 1.0, 2.0, 1.0, 2.0, 3.0, 0.0, 1.0, 1.0, 3.0, 2.0, 4.0, 1.0, 3.0, 6.0, 4.0, 4.0, 5.0, 4.0, 5.0, 7.0, 8.0, 126.0, 9.0, 3.0, 5.0, 8.0, 3.0, 6.0, 2.0, 4.0, 2.0, 3.0, 4.0, 1.0, 0.0, 1.0, 1.0, 0.0, 0.0, 2.0, 0.0, 0.0, 1.0, 0.0, 0.0, 0.0, 0.0, 1.0, 2.0], "bins": [-0.010316265746951103, -0.01003430224955082, -0.00975233968347311, -0.009470376186072826, -0.009188413619995117, -0.008906450122594833, -0.00862448662519455, -0.00834252405911684, -0.008060560561716557, -0.00777859752997756, -0.0074966344982385635, -0.00721467100083828, -0.006932707969099283, -0.006650744937360287, -0.00636878190562129, -0.006086818873882294, -0.005804855842143297, -0.005522892810404301, -0.005240929778665304, -0.004958966746926308, -0.004677003249526024, -0.004395040217787027, -0.004113077186048031, -0.0038311139214783907, -0.003549151122570038, -0.0032671880908310413, -0.002985224826261401, -0.0027032617945224047, -0.0024212985299527645, -0.002139335498213768, -0.0018573724664747715, -0.0015754092019051313, -0.0012934464029967785, -0.0010114832548424602, -0.0007295201648958027, -0.0004475570749491453, -0.00016559392679482698, 0.00011636922135949135, 0.00039833225309848785, 0.000680295517668128, 0.0009622587822377682, 0.0012442219303920865, 0.0015261850785464048, 0.0018081481102854013, 0.0020901113748550415, 0.002372074406594038, 0.0026540374383330345, 0.0029360007029026747, 0.0032179635018110275, 0.003499926533550024, 0.003781889798119664, 0.004063853062689304, 0.004345816094428301, 0.004627779126167297, 0.004909742157906294, 0.00519170518964529, 0.005473668687045574, 0.005755631718784571, 0.006037594750523567, 0.006319558247923851, 0.0066015212796628475, 0.006883484311401844, 0.0071654473431408405, 0.007447410374879837, 0.0077293734066188335]}, "gradients/fc1.weight": {"_type": "histogram", "values": [3.0, 1.0, 2.0, 2.0, 2.0, 2.0, 3.0, 10.0, 3.0, 4.0, 5.0, 8.0, 12.0, 9.0, 10.0, 20.0, 25.0, 38.0, 51.0, 63.0, 69.0, 96.0, 120.0, 184.0, 226.0, 304.0, 478.0, 554.0, 796.0, 1032.0, 1355.0, 2098.0, 2977.0, 5037.0, 13331.0, 105673.0, 4730.0, 2787.0, 1662.0, 1125.0, 735.0, 481.0, 353.0, 259.0, 189.0, 118.0, 95.0, 72.0, 64.0, 41.0, 44.0, 18.0, 14.0, 9.0, 12.0, 11.0, 5.0, 8.0, 6.0, 3.0, 3.0, 3.0, 3.0, 3.0], "bins": [-0.06860791891813278, -0.06665048003196716, -0.06469304114580154, -0.06273560225963593, -0.060778163373470306, -0.05882072448730469, -0.05686328560113907, -0.05490584671497345, -0.05294840782880783, -0.05099096894264221, -0.04903353005647659, -0.047076091170310974, -0.045118652284145355, -0.043161213397979736, -0.04120377451181412, -0.0392463356256485, -0.03728890046477318, -0.03533146157860756, -0.03337402269244194, -0.03141658380627632, -0.029459144920110703, -0.027501706033945084, -0.025544269010424614, -0.023586830124258995, -0.021629393100738525, -0.019671954214572906, -0.017714515328407288, -0.01575707644224167, -0.013799638487398624, -0.011842199601233006, -0.009884761646389961, -0.007927322760224342, -0.005969882011413574, -0.004012443125247955, -0.0020550047047436237, -9.756628423929214e-05, 0.0018598726019263268, 0.0038173114880919456, 0.00577474944293499, 0.007732188329100609, 0.009689629077911377, 0.011647067964076996, 0.013604506850242615, 0.015561944805085659, 0.017519384622573853, 0.01947682350873947, 0.02143426053225994, 0.02339169941842556, 0.02534913644194603, 0.02730657532811165, 0.029264014214277267, 0.031221453100442886, 0.033178891986608505, 0.035136330872774124, 0.037093766033649445, 0.039051204919815063, 0.04100864380598068, 0.0429660826921463, 0.04492352157831192, 0.04688096046447754, 0.04883839935064316, 0.05079583823680878, 0.052753277122974396, 0.054710716009140015, 0.056668154895305634]}, "gradients/conv3.weight": {"_type": "histogram",